index,date,polarity,subjectivity,image,entities,tweet_1,tweet_2,tweet_3
0,March 23  00:00-06:00,0.019047619,0.128571429,,"{""PERSON"": [""Jake Sullivan"", ""Antony Blinken"", ""Biden"", ""Yang Jiechi""], ""NORP"": [""Chinese""], ""ORG"": [""National Security"", ""Possibly America's"", ""State"", ""EU"", ""Ethiopia &"", ""Abay""], ""LOC"": [""Europe"", ""the Suez Canal"", ""Gulf"", ""Suez Canal""]}","Re: The Alaska talks between China and the US have repercussions for the Gulf and the Suez Canal: US Secretary of State Antony Blinken and National Security Adviser Jake Sullivan have met with Yang Jiechi, the most senior ranking official in the Chinese","When EU talks about Ethiopia & Eritrea, read Egypt/Suez Canal & Refugees. EU‚ main interest in Ethiopia is neither human rights nor democracy.

EU:

1. Wants to stop Ethiopia, construction of Abay dam & help Egypt

2. Fears floods of black refugees turning Europe black","British Empire ended when it lost the Suez Canal.

Now, a Taiwan Crisis May Mark the End of the American Empire.

America is a diplomatic fox, while Beijing is a hedgehog fixated on the big idea of reunification.

This is why Quad has to succeed, but Biden will not let it."
1,March 23  06:00-12:00,0.051305591,0.236984428,https://pbs.twimg.com/media/ExAVl3OWUAEaRIx?format=jpg&name=small,"{""PERSON"": [""Freyberg"", ""Nasser"", ""Knowles Carter"", ""Khan"", ""Biden"", ""H.M.T Cameronia"", ""Charles de Gaulle"", ""Canal""], ""NORP"": [""British""], ""ORG"": [""Piraeus"", ""the New Zealander Division"", ""Den Helder"", ""Pak-China friendship(65)and"", ""5th Brigade"", ""Non-Petroleum Ships""], ""LOC"": [""the Strait of Hormuz"", ""the Arabian Gulf"", ""Suez Canal"", ""Mediterranean"", ""the Horn of Africa"", ""the Suez Canal""]}","If the US makes a strategic miscalculation on Taiwan, it will be what the Suez Canal was to the British empire.",We need a Government that thinks the Suez Canal is important.,"""China's Belt and Road Initiative...will [not] be possible if Beijing does not acknowledge US geopolitical supremacy from the Suez Canal to the Arabian Gulf, and it reaches some sort of agreement with Washington about this.""

Umm, yeah, they kind of have?"
2,March 23  12:00-18:00,0.104294966,0.488318671,http://www.maritimebulletin.net/wp-content/uploads/2021/03/EVERGIVENagrnd.jpg,"{""PERSON"": [""Canal"", ""Nasser"", ""Khan"", ""km.151""], ""NORP"": [""British""], ""ORG"": [""the Red Sea Ports Authority"", ""Port Clearance"", ""Update"", ""Pak-China friendship(65)and"", ""UTC""], ""LOC"": [""Suez"", ""Suez Canal"", ""Mediterranean"", ""the Suez Canal"", ""Red   ""]}","(7.8) Billion L.E Tot. Revenue of Suez Canal in Jan- 2021.
#Stat_Egypt #Egypt #Middle_East #Arab_World",Mega container ship hard aground in Suez Canal ,"At 0745 UTC +2 M/V EVER GIVEN ran aground at km.151 in the Suez Canal as part of the northbound convoy. Tug boats are currently trying to re-float the vessel.

The 14 remaining vessels in the northbound convoy have dropped anchor until further instructions."
3,March 23  18:00-24:00,0.063605162,0.653685223,https://pbs.twimg.com/media/ExMbDOmVcAIi7Uo?format=jpg&name=medium,"{""PERSON"": [""km.151"", ""Anthony Eden"", ""Ever Given"", ""White"", ""Seuss"", ""Suez Canal"", ""@Maersk"", ""Julianne Cona"", ""Mitch McConnell"", ""Evergreenlines""], ""NORP"": [""Americans"", ""Egyptians"", ""Russian"", ""Syrians"", ""American"", ""Saudi"", ""Israeli""], ""ORG"": [""Mediterranean &"", ""the Yellow Fleet"", ""@typesfast @BlackstoneVG"",  ""GlobalSystem"", ""the Red Sea Ports Authority"", ""KSA"", ""Evergreen Marine"", ""Sentinel #"", ""@roberttuttle &"", ""Latest"", ""Suez"", ""House"", ""BBC News - Egypt's"", ""Evergree"", ""Suez Canal"", ""Senate"", ""Evergreen"", ""IDK"", ""Port Clearance"", ""Megaship Blocks All Traffic"", ""UTC"", ""Clacket Lane Services""], ""LOC"": [""Africa"", ""Suez"", ""Suez Canal"", ""Big Ben"", ""the Suez"", ""Mediterranean"", ""The Suez Canal"", ""Asia"", ""Horn of Africa"", ""Red Sea"", ""Cape"", ""the Suez Canal"", ""Pacific"", ""Europe""]}","NEW - Suez Canal,  one of the largest shipping lanes on the planet, blocked with a mega container ship, creating a traffic jam of ships waiting in the Mediterranean, Red Sea, and in the canal itself.",You know that feeling when you stall at the lights and hold up traffic? This is a bit like that. A big boat is stuck in the Suez Canal and the queue is quite something.,"Footage of container ships amassing outside the blocked Suez Canal. The last time the canal was closed/blocked was just before the 6-day war.
"
4,March 24  00:00-06:00,0.027407253,0.612394889,https://pbs.twimg.com/media/ExNYQXZUYAIKmSr?format=jpg&name=medium,"{""PERSON"": [""Evergreen Mega"", ""Ever Green"", ""Anthony Eden"", ""George Segal"", ""Mitch McConnell"", ""Evergreenlines"", ""Matt Gaetz"", ""Backlog Me"", ""Sobieski"", ""Suez-Max"", ""Rod Wave"", ""@RebelLoki"", ""Suez Canal"", ""Capsule - Javaica Recipes"", ""Eisenhower"", ""Tony Bradley"", ""Paul Wall's"", ""Someone Austin"", ""Lenin"", ""@Quasarcasm47""], ""NORP"": [""Taiwanese"", ""Russian"", ""Egyptian"", ""@Pixelfish"", ""Panamanian"", ""Polish"", ""Saudi"", ""Americans"", ""English""], ""ORG"": [""Mediterranean &"", ""Enron"", ""EVERGIVEN"", ""EVERGREEN"", ""EverGiven"", ""The Ever Green"", ""Evergiven"", ""BBC News"", ""HRC‚Äôs"", ""Wild Red Mimosa Pudica"", ""Suez Canal Blockage Set"", ""SuezCanal"", ""GIANT"", ""Shipbuilding Industry Prospering"", ""WIDEN THE GODDAMN SUEZ CANAL"", ""Maersk Denver"", ""TIL"", ""Suez Canal Clogged"", ""the Cinnamon Toast Crunch"", ""KSA"", ""@Agortitz"", ""Ripple Through Global Energy Market"", ""Evergreen Marine"", ""Suez Canal &"", ""the Suez Canal Authority"", ""Canal"", ""Global Supply Chain Hit"", ""Marine Academy"", ""Latest"", ""BreakingNews"", ""@roberttuttle &"", ""AIS"", ""House"", ""Gigantic"", ""Amazon"", ""Senate"", ""Evergreen"", ""Suez Canal"", ""Suez Canal Blockage After Demand-Driven Sell-Off -   "", ""Evergreen Marine Corp"", ""Mariners"", ""GIF"", ""ShrimpGate"", ""Suez Canal Traffic Block"", ""@Maersk"", ""An EVERGREEN SHIPPING CONTAINER"", ""Cinnamon Toast Crunch"", ""Suez Canal @Wikipedia"", ""Leaked""], ""LOC"": [""Africa"", ""East"", ""Elbe River"", ""Suez"", ""Brexit Britain's"", ""Nile"", ""Suez Canal"", ""Earth"", ""Mediterranean"", ""Asia-Europe"", ""the Suez Canal‚Äô"", ""Horn of Africa"", ""Red Sea"", ""Oil Swings"", ""the Suez Canal""]}","There's plenty that's awful about Twitter, but, sometimes, you're curious about a very specific thing you know nothing about like that giant ship blocking the Suez canal and, lucky for you, in the replies there's a United States Merchant Marine Academy professor explaining it. --> Referenced Explanation --> ""Looking at her track, she was @ 13.5 knots when she hit, which is over the 8 knot speed limit, although it can be waived by the pilot. If she had a steering or engine failure, that would explain the event.
Her bow is hard aground & up high.  They will have to pull from the stern.""","If you think youre having a bad day, spare a thought for the helmsman who somehow managed to stick his giantass ship sideways into the goddamn Suez Canal; blocked it into literal gridlock; is currently costing every seafaring nation of Earth like millions of dollars every hour ","So, the #SuezCanal is blocked...

Massive container ship EVER GIVEN stuck in the most awkward way possible.

Ongoing for hours.  Every tug Egypt could spare appear to be trying to pull it free."
5,March 24  06:00-12:00,0.005452363,0.604632019,https://ichef.bbci.co.uk/news/976/cpsprodpb/E0B9/production/_117692575_evergreen_ship_diagram_x2_640-nc-002.png,"{""PERSON"": [""Ever Given"", ""Netanyahu"", ""Marc Rich"", ""Evergreen Cargo"", ""Suez Canal"", ""Rotterdam"", ""Sisi"", ""Container Ship Gets"", ""Canal"", ""Wish"", ""Lough Atalia"", ""Jeff Hendrick"", ""Hillary Clintons"", ""Port Said""], ""NORP"": [""THREAD"", ""Eurasian"", ""Taiwanese"", ""republicans"", ""Russian"", ""Egyptian"", ""Panamanian"", ""Iranian"", ""European"", ""Saudi"", ""Israeli""], ""ORG"": [""Mediterranean &"", ""The World for Sale"", ""the Evergreen Fleet"", ""Huge Container Ship Involuntarily Blocks Suez Canal"", ""EVERGIVEN"", ""Suez Canal Authority"", ""Sumed"", ""Evergiven"", ""Navigation"", ""Evergreen Marine's"", ""Suez Canal Blockage"", ""SuezCanal"", ""THE CRASH SITE"", ""Justice"", ""ULCS"", ""HRCs Secret Service"", ""TimPeel"", ""Strong European Data"", ""KSA"", ""Evergreen Marine"", ""Suez Canal &"", ""Evergreen Line"", ""Canal"", ""Jack Lynch Tunnel"", ""Reopens"", ""GAC"", ""Ashkelon-Eilat"", ""Guardian"", ""Shell"", ""Latest"", ""RodWave"", ""the Eiffel Tower"", ""@roberttuttle &"", ""Suez"", ""StupidAnalogues"", ""The El Ferdan Railway Bridge"", ""AIS"", ""@kuku27 Huge"", ""Suez Canal"", ""Evergreen"", ""Topanga"", ""One"", ""BBC"", ""RoadWatch"", ""Bank of the #"", ""@Yahoo"", ""TL"", ""BLOCKED"", ""Cargo"", ""RIP"", ""Leaked""], ""LOC"": [""Asia"", ""The Suez Canal"", ""Mideast"", ""North"", ""the Red Sea"", ""Horn of Africa"", ""Red Sea"", ""#Asia"", ""Hoping Europe"", ""Suez"", ""Suez Canal Blocked"", ""Suez Canal"", ""Earth"", ""Mediterranean"", ""Africa"", ""East"", ""the Med Sea"", ""the Suez Canal"", ""Europe"", ""#Suez""]}","Not something you see everyday, already affecting oil markets. BBC report on the traffic jam in Suez Canal ",The Suez Canal is a key artery of the global economy. App 10% of global trade passes though it. But now it‚ it's blocked by a huge container ship. It was heading for Rotterdam. Tugs are working intensely to free up the canal. ,why does everyone woman I know instantly and powerfully identify with the container ship blocking the Suez Canal
6,March 24  12:00-18:00,-0.019556652,0.567850931,https://pbs.twimg.com/media/ExPglKgWEAQV_U0?format=jpg&name=medium,"{""PERSON"": [""Stephen Donnelly"", ""Brian Lilley's"", ""Daniel Blackstone"", ""Adams Morgan"", ""@Theothebald"", ""Chang Evergreen"", ""Austin Powers"", ""Grant Shapps"", ""Twitter"", ""Gamal Abdel Nasser's"", ""Mitch McConnell"", ""Jim GW"", ""Hillary"", ""Ty Pennington"", ""LARGEST"", ""Biden"", ""Karl Marx"", ""Tigray"", ""Tesla"", ""Shooter"", ""Harris"", ""Johnson"", ""Suez Canal"", ""Rotterdam"", ""Osama Rabie"", ""Richard Meade"", ""Clintons"", ""Ever Given"", ""Paul Stanley"", ""Hillary Clinton's"", ""Dan Snyder"", ""Cargo""], ""NORP"": [""Marxists"",  ""@planetlabs"", ""@LloydsList"", ""Bahraini""], ""ORG"": [""Mediterranean &"", ""HRC"", ""EVERGREEN"", ""Suez Canal Authority"", ""EVERGIVEN"", ""SuezCanal"", ""Tokyo Drift"", ""ULCS"", ""NEW"", ""Ford"", ""#VIDEO Large"", ""Bitcoin #"", ""the Sitmar Line's"", ""Traffic"", ""UPDATE Tug"", ""Merkel Red"", ""NSFW"", ""KSA"", ""Lloyd's List"", ""Suez Canal &"", ""GMT"", ""the Suez Canal Authority"", ""WeChat"", ""Canal"", ""GAC"", ""Giant"", ""The Block #Mimi"", ""Latest"", ""CTS"", ""Suez"", ""the Eiffel Tower"", ""Traffic Can't Pass"", ""RISE"", ""AIS"", ""Army"", ""Amazon Malala"", ""Gigantic"", ""Amazon"", ""Suez Canal"", ""Evergreen"", ""BBC News -"", ""FILL"", ""One"", ""@mercoglianos"", ""Clumsy"", ""Rory"", ""the #Suez Canal"", ""Bank of the #"", ""Parallel Parking"", ""@davidhorovitz"", ""TSMC &"", ""QAnon"", ""Suez Canal (Planet Labs"", ""Ships Carrying Commodities Stuck"", ""The Ultra Large Container Ship"", ""Cargo"", ""UN"", ""Lebanon's"", ""CTW""], ""LOC"": [""Asia"", ""The Suez Canal"", ""the Suez   "", ""the Red Sea"", ""Regina"", ""Horn of Africa"", ""Red Sea"", ""the Eifel Tower"", ""the Suez   Suez Canal"", ""Suez"", ""Suez Canal"", ""Earth"", ""Mediterranean"", ""Africa"", ""the Sinai Peninsula"", ""the Suez   Satellite"", ""Oil"", ""the Suez Canal"", ""Europe""]}",We're about five minutes away from Stephen Donnelly announcing that all of our vaccines were being stored on the big ship stuck in the Suez Canal for some reason.,Update: Salvors have partially re-floated Ever Given and Suez Canal authorities are pledging that convoy and traffic will be back to normal within [a] very short time.,I really like the Suez Canal story because so far we're basically all on the same page - this is bad but also kind of funny - and as far as I know no one has yet found an angle for shipping discourse.
7,March 24  18:00-24:00,0.018543043,0.552960935,https://pbs.twimg.com/semantic_core_img/1376415976174985226/owLLWYVH?format=jpg&name=900x900,"{""PERSON"": [""David Dobrik"", ""Austin Powers"", ""Grant Shapps"", ""Sean Maitland"", ""Hillary Clinton"", ""Microsoft Tesla"", ""Suez Canal"", ""Bitcoin"", ""Dr Sal Mercogliano"", ""Suez Canal"", ""Rep Norman"", ""Karl Marx Bill Clinton"", ""AZ Vaccine"", ""Deja Vu"", ""Ever Given"", ""Ben Adryl"", ""Spelling Bee"", ""Bob"", ""Biden Prez""], ""NORP"": [""Egyptian"", ""Dutch""], ""ORG"": [""Crown"", ""EVERGIVEN"", ""THE WORLD'S TRADE GOES THROUGH THE CANAL"", ""Videos"", ""Ships"", ""SuezCanal"", ""Oxford"", ""Blocked - News &"", ""Guts Media"", ""Flem Candango"", ""WIDEN THE GODDAMN SUEZ CANAL"", ""Evergreen Marine Corp's"", ""the Ever Globe"", ""Minute"", ""The World"", ""Suez Canal &"", ""FBI"", ""@nameshiv"", ""Giant"", ""Sinn Fein"", ""GAC"", ""HMS Howe"", ""Latest"", ""Suez"", ""Jackass"", ""BBC News - Egypt's"", ""the British Pacific Fleet"", ""QAnon Claims Stuck Suez Canal Ship"", ""Suez Canal"", ""Satellite Imagery"", ""Evergreen"", ""Suez Canal STILL"", ""BBC"", ""the #Suez Canal"", ""#GlobalSupplyChains"", ""Fast &"", ""YM Fountain"", ""Sport Golf MLB Boston"", ""QAnon"", ""Netflix"", ""Aircraft Carrier"", ""Fox/Newsmax/Trump"", ""Cargo"", ""Rails"", ""NFT"", ""Traffic Children - Newsweek""], ""LOC"": [""the Suez Canal Forgive"", ""the Suez   Photos"", ""Suez"", ""Suez Canal Blocked"", ""the Suez Suez Canal"", ""Suez Canal"", ""Earth"", ""the Suez   "", ""Mediterranean"", ""the Southern Hemisphere"", ""Asia"", ""The Suez Canal"", ""the Red Sea"", ""Red Sea"", ""the Suez   AM news"", ""the Suez Canal"", ""Europe""]}","When one channel is blocked, guess what happens? Everyone waits - true in the Suez Canal, true in contact centers.",just to reiterate: about 10 percent of world trade has been at a standstill for 2 days because a cargo ship drew a giant dick in the Red Sea then wedged itself sideways in the Suez Canal,have we tried petitioning to get the boat unstuck from the Suez Canal?
8,March 25  00:00-06:00,0.000723532,0.533661889,https://pbs.twimg.com/media/ExPys8QW8AETRLM?format=jpg&name=900x900,"{""PERSON"": [""Samir"", ""Brexit"", ""Add Newsweek"", ""Austin Powers"", ""Ezzat Adel"", ""Skyscraper"", ""THERES SPACE"", ""Stuck"", ""Canal"", ""Joe Flacco"", ""Stranded Japanese-Owned"", ""@SpeakingSatan"", ""Baby Jessica"", ""Suez Canal"", ""@lib_crusher"", ""Lookout Guy"", ""Crew"", ""Chris Grayling"", ""Ted Cruz"", ""ü§î"", ""Bill Clinton"", ""Bernhard Schulte Shipmanagement"", ""Stacey Abrams's"", ""RV"", ""Lieutenant Dan""], ""NORP"": [""THREAD"", ""French"", ""Taiwanese"", ""Egyptians"", ""American"", ""Egyptian"", ""German"", ""Palestinians"", ""British""], ""ORG"": [""Mediterranean &"", ""Honda"", ""Lowry"", ""EVERGIVEN"", ""Suez Canal Authority"", ""NBA"", ""Navigation"", ""SuezCanal"", ""Nike"", ""Global Market Update Follow the Link Below For the Complete Story"", ""WIDEN THE GODDAMN SUEZ CANAL"", ""THREAD"", ""Another Suez Canal Authority"", ""Cargo Ship EVERGREEN"", ""AAA"",""Evergreen Marine"", ""Suez Canal &"", ""Canal"", ""Giant"", ""Global-Market Cues"", ""Suez"", ""Jimmy Fallon Pities the Suez Canal"", ""AIS"", ""Samsung"", ""Amazon"", ""Satellite Imagery"", ""Evergreen"", ""Suez Canal Traffic Snarled After Megamax Boxship"", ""SpongeBob"", ""Factbox"", ""Lloyds List"", ""the #Suez Canal"", ""TSMC &"", ""Joburg"", ""BSM"", ""BLOCKED"", ""@nzherald Satellite"", ""MIL"", ""Cargo"", ""UN"", ""Jimmy Fallon""], ""LOC"": [""Stranded Suez"", ""Asia"", ""the Suez   Tension"", ""Atlantic"", ""The Suez Canal"", ""the Indian Ocean"", ""the Suez   "", ""the Suez   Stranded Suez"", ""the Red Sea"", ""Horn of Africa"", ""Red Sea"", ""Suez"", ""Suez Canal Blocked"", ""Suez Canal"", ""Earth"", ""Mediterranean"", ""Africa"", ""the Suez Canal Forgive"", ""the Suez"", ""the Suez Canal"", ""Europe""]}",it's probably very unpleasant and embarrassing to block the suez canal by accident but imagine how powerful you would feel if you did it on purpose,just to reiterate: about 10 percent of world trade has been at a standstill for 2 days because a cargo ship drew a giant dick in the Red Sea then wedged itself sideways in the Suez Canal,it's probably worth noting that whoever stuck that boat in the suez canal probably did more damage to capitalism than the last couple decades of anti-capitalist protests
9,March 25  06:00-12:00,0.027683786,0.527764985,https://storage.googleapis.com/afs-prod/media/c74fd03bd5264adcbf173061fe7b823b/1000.jpeg,"{""PERSON"": [""Clinton"", ""Grant Shapps"", ""Austin Powers"", ""Mitch McConnell"", ""Hillary Clinton"", ""Outer Ring Road"", ""Covid"", ""Nick Sloane"", ""Skyscraper"", ""Michael Joseph"", ""al"", ""Biden"", ""John Lewis"", ""Stuck"", ""Canal"", ""Oscar"", ""Container Ship - YouTube"", ""App Sample"", ""Hancock"", ""Unstick"", ""Bojo"", ""JeffHK"", ""Suez Canal Blocked"", ""Leth Agencies"", ""Suez Canal"", ""Rotterdam"", ""Ever Given"", ""Beloveds"", ""Nasser"", ""Stacey Abrams's"", ""Greed"", ""Stephen Colbert Spins""], ""NORP"": [""Chinese"", ""Taiwanese"", ""French"", ""Dutch"", ""Egyptians"", ""@MikkelsenDean"", ""Capitalism"", ""Egyptian"", ""Republicans"", ""Middle Eastern"", ""Japanese"", ""Panamanian"", ""@LloydsList"", ""British"", ""Arabs"", ""Arab"", ""Israeli""], ""ORG"": [""UK &"", ""Lowry"", ""BugsBunnychallenge"", ""OXY"", ""Suez Canal Authority"", ""EVERGIVEN"", ""ITE"", ""The Egyptian Suez Canal Authority"", ""NBA"", ""Vessels"", ""TIM"", ""the SuezCanal Authority"", ""Inshallah"", ""Evergiven"", ""UST"", ""SuezCanal"", ""NEWEST"", ""Fed Speakers - Suez Canal"", ""WIDEN THE GODDAMN SUEZ CANAL"", ""THREAD"", ""BBNaija"", ""Ancestors"", ""the US Navy"", ""TIL"", ""BOE"", ""Oil Falls"", ""EVER GIVEN"", ""LNG"", ""KSA"", ""Smit"", ""Oil Up"", ""Al Jazeera"", ""Suez Canal &"", ""the Suez Canal Authority"", ""SC"", ""Giant"", ""The Suez Canal Container Ship Drifting World Championship"", ""The Suez-Canal"", ""Eurasian Land Route"", ""BreakingNews"", ""Suez"", ""the Eiffel Tower"", ""Suez Canal Timelapse | Life at Sea on"", ""Suez Canal"", ""Evergreen"", ""Satellite Imagery"", ""#SuezCanal authority"", ""SCA"", ""Cat Vibing To Ievan Polkka"", ""Anthony Eden &"", ""RutoSpeaks"", ""Clumsy"", ""USD"", ""MRO"", ""UPDATE"", ""APP"", ""Joburg"", ""QAnon"", ""LOGO"", ""Tinubu Suez Canal"", ""Cargo"", ""The #SuezCanal Authority"", ""Airtel/Telkom"", ""Royal Marine Commando"", ""SPY $"", ""Evergreen Marine Corp."", ""the Maritime Museum"", ""Suez Canal""], ""LOC"": [""the Suez   Tugs"", ""Black"", ""Asia"", ""Atlantic"", ""the Suez   Me"", ""the Indian Ocean"", ""the Suez   "", ""the Red Sea"", ""Red Sea"", ""Suez"", ""the Suez"", ""the Suez   Clients"", ""Suez Canal"", ""Earth"", ""Mediterranean"", ""a Middle East"", ""Africa"", ""East"", ""Suez Canal - Evergreen"", ""Arctic Sea Route"", ""the Suez   Men"", ""the Suez Canal"", ""the Sini Peninsula"", ""Europe""]}","BREAKING: Japanese owner of cargo ship stuck in Suez Canal apologizes over incident that""s halted traffic on crucial waterway.","A skyscraper-sized cargo ship wedged across Egypt's Suez Canal further imperiled global shipping as at least 150 other vessels needing to pass through the crucial waterway idled waiting for the obstruction to clear, authorities say.","The world is divided between two irreconcilable groups - those who hear the Suez Canal is blocked by a stuck ship and think it's a potential economic disaster / failure of Western policy / symbol of environmental chaos, and those who think it""s funny."
10,March 25  12:00-18:00,0.106113073,0.489858451,https://pbs.twimg.com/media/ExVV4uOXIAgOi0F?format=jpg&name=small,"{""PERSON"": [""Smit Salvage"", ""Ever Green"", ""Matt Hancock"", ""Qanon"", ""Nefud"", ""Boring Canal"", ""Lesson"", ""Austin Powers"", ""Hillary Clinton"", ""Bright Khumalo -"", ""Elon Musk"", ""Trains"", ""Damn"", ""Capella"", ""Biden"", ""@LloydsList"", ""Refloat Container Ship"", ""Stuck"", ""QUEUE"", ""Aaron Gordon"", ""Michael Gove"", ""Unstick"", ""Sissi"", ""Bartolomeu Dias"", ""Kyle Lowry"", ""BusinessWrap"", ""Suez Canal"", ""Rotterdam"", ""Chris Grayling"", ""JFK"", ""Can Get Stuck"", ""Musk"", ""Nasser"", ""Dan Scavino"", ""Bernoulli"", ""Bernhard Schulte Shipmanagement"", ""Mike Mulligan""], ""NORP"": [""Eurasian"", ""French"", ""Dutch"", ""Egyptians"", ""Indian"", ""Tankers"", ""Canadian"", ""Russian"", ""Egyptian"", ""Japanese"", ""German"", ""Traffic"", ""Israeli""], ""ORG"": [""SuezCanal Voice"", ""Global Food Trade"", ""SuezCanal - Estimates"", ""Ever Green"", ""UK &"", ""Auguste Bartholdi"", ""@CostasParis @CloudberryRoque"", ""Suez Canal Traffic"", ""EVERGIVEN"", ""Disraeli"", ""Abu Dhabi"", ""Navigation"", ""Ships"", ""SuezCanal"", ""Fed Speakers - Suez Canal"", ""Honey"", ""Cargo Ship Blocking Waterway"", ""Suez Canal Crews Continue Efforts"", ""BBC News - Suez Canal"", ""LNG"", ""AZ"", ""@CEGltd"", ""Suez Canal &"", ""Al Jazeera"", ""AFP"", ""the Suez Canal Authority"", ""China Inc."", ""ON IT"", ""Capitol Hill"", ""Latest"", ""Suez"", ""the Eiffel Tower"", ""HRC USSS"", ""Wikipedia"", ""Suez Canal"", ""Evergreen"", ""@CNBC"", ""Cargo Ship Blocking Waterway"", ""Copernicus"", ""Airbus"", ""Joburg"", ""Tikait &"", ""QAnon"", ""the United Nations"", ""Bernhard Schulte Shipmanagement"", ""Tension"", ""The Suez Canal Authority"", ""Cargo"", ""Hildog"", ""The #SuezCanal Authority"", ""SPY $"", ""Trump's"", ""Operations"", ""Vestact Asset Management Reserve Bank""], ""LOC"": [""Africa"", ""East"", ""Suez Backlog Grows"", ""Suez"", ""the Suez Canal Forgive"", ""the Indian Ocean"", ""Cape"", ""Suez Canal"", ""Earth"", ""the Suez"", ""Asia"", ""the Red Sea"", ""the Suez Suez Canal Authority"", ""The Suez Canal"", ""the Suez Canal"", ""the Sini Peninsula"", ""Europe""]}","A spokesman for Bernhard Schulte Shipmanagement, the technical manager of the Ever Given container ship that is blocking the Suez canal, just told me that while refloating efforts are ongoing there is no change to the vessel's status (e.g. it remains stuck)","Since everyone is laughing about the Suez Canal because a boat is stuck, a fun reminder that UK; French colonists ""built it"" by forcing over a million locals to excavate it. Tens of thousands of Egyptians died from epidemics and inhumane treatment.","The world wants more from China Inc. today than ever, and — as illustrated by the containers piled high on a ship stuck in the Suez Canal — companies in the U.S. and Europe need it faster than before."
11,March 25  18:00-24:00,0.096482377,0.498733785,https://pbs.twimg.com/media/ExU2gFZWUAIT1GX?format=jpg&name=4096x4096,"{""PERSON"": [""Christopher Grayling"", ""Reach Me"", ""Tom"", ""Jim Crowe"", ""Patel"", ""Beautiful Boaters"", ""Grant Shapps"", ""Austin Powers"", ""Joe Biden"", ""Hillary Clinton"", ""Xerxes"", ""Hillary"", ""Rose George"", ""Idk"", ""Gab"", ""LeBron James"", ""Biden"", ""Stuck"", ""Apple Apps Store"", ""Morrison"", ""Dr Kimberly Tam"", ""Aurora Intel"", ""Goliath"", ""Dick Ship Latest"", ""Unstick"", ""Johnson"", ""Pierre Poilievre"", ""David"", ""Helmsman"", ""Suez Canal"", ""Jim Eagle"", ""Container Ship"", ""Chris Grayling"", ""Trump"", ""MCBOATFACE"", ""Trudeau"", ""Hrrrrnnggh Captain"", ""Bernhard Schulte Shipmanagement"", ""Stacey Abrams's"", ""Meghan McCain"", ""HarambeeStars Shaffie"", ""@TeamMessi @Argentina @Cristiano""], ""NORP"": [""Australian"", ""Eurasian"", ""Dutch"", ""French"", ""Egyptians"", ""Canadian"", ""Atlantic/Pacific"", ""Egyptian"", ""Japanese"", ""British"", ""Israeli"", ""Tryna""], ""ORG"": [""@NetHistorian"", ""UK &"", ""IQAX"", ""The Suez Canal &"", ""SS"", ""EVERGIVEN"", ""EVERGREEN"", ""BBC News"", ""Disraeli"", ""AAPL"", ""@Lee_in_Iowa"", ""@tomhanks"", ""SuezCanal"", ""Trafalgar Group"", ""Big Schedules"", ""Honey"", ""Learn"", ""Macmillan"", ""LNG"", ""#SuezCanal Authority"", ""MLN"", ""the Suez Canal Authority's"", ""Reuters"", ""@MDX_PSSFaculty"", ""Suez Canal &"", ""the Financial Times"", ""the Suez Canal Authority"", ""Canal"", ""PS 5's"", ""Trump America"", ""Guardian"", ""Giant"", ""GAC"", ""Satellite Images Show Huge Traffic Jam"", ""Sedgwick"", ""CCAMLR"", ""Suez"", ""HRC USSS"", ""CAT"", ""@AuroraIntel"", ""@komonews"", ""Import of Oil!"", ""Suez Canal"", ""Evergreen"", ""Senate"", ""NewZealand"", ""@CNBC"", ""BarstoolRundown"", ""@InstantAirtime &"", ""TOM"", ""the Army Corps of Engineers"", ""Airbus"", ""Tikait &"", ""NAT"", ""QAnon"", ""@Lloydslisted Much"", ""@globalnews &"", ""#AI"", ""GIF"", ""Country"", ""Tension"", ""The Suez Canal Authority"", ""THE SUEZ CANAL &"", ""Cargo"", ""Kent"", ""CNN"", ""RT"", ""EASY"", ""Trump's"", ""Operations""], ""LOC"": [""Africa"", ""East"", ""the Suez Canal Boat"", ""Suez"", ""the Indian Ocean"", ""the Sini Peninsula"", ""Suez Canal"", ""Northern Sea Route"", ""Suez Canal"", ""Earth"", ""the Suez   "", ""Asia"", ""the Red Sea"", ""Red Sea"", ""The Suez Canal"", ""the Suez Canal"", ""Suez Can"", ""Cape""]}","Q Anons: People who never met a simple answer they couldn't turn into a conspiracy. 
The newest is Hillary's ""connection"" to the ship blocking the Suez Canal: Since the company that owns it bears the same name she used as her SS code name, it's cargo is obviously children. ","ISMAILIA, Egypt March 25 (Reuters) - A container ship blocking the Suez Canal like a ""beached whale"" may take weeks to free, the salvage company said, as officials stopped all ships entering the channel on Thursday in a new setback for global trade.","There's gonna be a ship captain who leaves the Suez Canal and turns around for the Cape of Good Hope, and gets exactly halfway around before hearing the ship has been freed.

And I will never relate to a person more."
12,March 26  00:00-06:00,0.065134376,0.496772287,https://pbs.twimg.com/media/ExVIlKrW8AQ6XnX?format=jpg&name=large,"{""PERSON"": [""Chris Christie"", ""Pimple Popper"", ""Satellogic"", ""Annastacia Palaszczuk"", ""Background"", ""Queensland"", ""Elon Musk"", ""Ghislaines"", ""Capella Space"", ""Learn"", ""Bogey"", ""Biden"", ""Stuck"", ""Satellite Photo"", ""Moller Maersk"", ""Natasha Frost"", ""Unstick"", ""Suez Canal"", ""Rotterdam"", ""@Bloomberg"", ""Boskalis"", ""COVID-19"", ""Ever Given"", ""Hrrrrnnggh Captain"", ""Nat""], ""NORP"": [""Chapmans"", ""Eurasian"", ""Dutch"", ""Indian"", ""Canadian"", ""Russian"", ""Egyptian"", ""Avengers"", ""Japanese"", ""Yantian"", ""Arabs"", ""‚ôÄ"", ""Pl√©iades"", ""Tugboats""], ""ORG"": [""PanamaCanal"", ""Global Food Trade"", ""Ever Green"",  ""EVERGIVEN"", ""Suez Canal Authority"", ""Blocking"", ""Inshallah"", ""TIM"", ""Ships"", ""SuezCanal"", ""NEW"", ""EverGreen"", ""THREAD"", ""the World Billions of Dollars"", ""TIL"", ""IHI Jet Service"", ""Mrs Nirmala Sitaraman"", ""LNG"", ""NYMEX"", ""Brain"", ""Suez Canal &"", ""Suez Canal's"", ""Giant Container Ship Blocks Suez Canal"", ""the Suez Canal Authority"", ""Canal"", ""Guardian"", ""SaudiArabia"", ""Trolls"", ""PH &"", ""Suez"", ""NYT"", ""@Mamurudi"", ""The Coffee Shop"", ""Suez Canal"", ""Evergreen"", ""BBC News -"", ""Cat Vibing To Ievan Polkka"", ""Evergreen Marine Corp"", ""HURRY"", ""AO3 &"", ""Satellogic's"", ""the Army Corps of Engineers"", ""Airbus"", ""Tikait &"", ""#China &"", ""TV1"", ""Texas AG"", ""The Suez Canal Authority"", ""IRL"", ""RV"", ""RIP"", ""Cargo"", ""GOP"", ""Yale University""], ""LOC"": [""Arctic"", ""the SUEZ CANAL"", ""Asia"", ""The Suez Canal"", ""the Indian Ocean"", ""Suez Canal"", ""the Suez   "", ""Regent Park"", ""the Red Sea"", ""Suez"", ""Suez Canal"", ""Earth"", ""Mediterranean"", ""the Gulf of Suez"", ""Africa"", ""the Suez Canal"", ""Persian Gulf"", ""Cape"", ""the Suez Canal"", ""Europe""]}","Good work lil digger! #EVERGIVEN's bulbous bow has emerged.

No longer impaling, its now resting the #SuezCanal's shore.","Massive container ship the Ever Given is still stuck in the Suez Canal, stalling billions of dollars in trade. @MattMcBradley reports. ","New email auto-reply: Due to an unfortunate blockage of trade through the Suez Canal, I will not be responding quickly, if ever. Because all business is global."
13,March 26  06:00-12:00,0.108571258,0.496940804,https://image.cnbcfm.com/api/v1/image/106859935-1616799203546-given.jpg?v=1616799240&w=630&h=354,"{""PERSON"": [""Werner Herzog"", ""Chris Christie"", ""Ron Howard"", ""Satellogic"", ""Laura K.   "", ""Austin Powers"", ""Ross"", ""Mark Wahlherg"", ""Ford"", ""Andheri Traffic"", ""Elon Musk"", ""Mark McGowan"", ""Colin Barnett"", ""Ben Affleck"", ""Capella"", ""Learn"", ""Wut"", ""Jessie Yeung"", ""Heed"", ""Netanyahu"", ""Suez Canal"", ""Nene Hatun"", ""Aim"", ""Wellerman"", ""Built"", ""@bjpmaha"", ""Yer da"", ""Dylan"", ""Biden Lil Wayne"", ""@AGENTBRAVO2"", ""Mussolini"", ""Stephen Colbert Spins""], ""NORP"": [ ""Taiwanese"", ""Dutch"", ""Boskalis"", ""Indian"", ""Italian"", ""French"", ""Egyptian"", ""Japanese"", ""Capetonians"", ""Arabs"", ""European"", ""Saudi"", ""British"", ""Nigerians"", ""South Korean""], ""ORG"": [""DM"", ""Fr√©d√©ric Auguste Bartholdi"", ""GHG"", ""EverGiven"", ""EVERGIVEN"", ""YouTube"", ""EVERGREEN"", ""Inshallah"", ""Navigation"", ""Ships"", ""African Fiction"", ""Caterpillar"", ""SuezCanal"", ""Blocking the Suez Canal"", ""the League of Nations"", ""EverGreen"", ""@UNECE"", ""LNG"", ""the Suez Canal Authority"",  ""Bunnings"", ""Wingardium Leviosa"", ""The Dutch Smit Salvage"", ""Trolls"", ""Moller Maersk"", ""Giant"", ""SUEZ CANAL AUTHORITY"", ""Latest"", ""@AJEnglish"", ""Suez"", ""Turkish Transport Minister"", ""BreakingNews"", ""Isime Davido"", ""Panama Canal YouTube"", ""VHR"", ""@TheTerminal Full"", ""Suez Canal"", ""Evergreen"", ""Knight"", ""the #Evergiven"", ""BYOB - Boat"", ""@BIMCONews &"", ""Photos &"", ""Satellogic's"", ""the Multi-Modal Transport"", ""Summat"", ""@Steinbergf @EnriqueFeas"", ""Airbus"", ""WEF"", ""@MessageAnnKoh &"", ""Ever Giving &"", ""The Suez Canal Authority"", ""Cargo"", ""EU"", ""USDA"", ""THE EVERGREEN BARGE"", ""CNN"", ""UN"", ""Operations""], ""LOC"": [""Nile"", ""a Suez Canal"", ""#Europe"", ""Asia"", ""The Suez Canal"", ""the Suez   "", ""The Suez Canal Ship of Theseus"", ""the Red Sea"", ""Suez"", ""the Suez Canal's"", ""the Suez   Good morning"", ""Cape Town"", ""Suez Canal"", ""the Suez Suez Canal Authority"", ""the Suez Canal Ship Said"", ""the Mediterranean Sea"", ""the Gulf of Suez"", ""Africa"", ""East"", ""Persian Gulf"", ""the Suez Canal"", ""Europe""]}",Experts say there are virtually no alternatives to the Suez Canal for shipping goods from Asia to Europe. This means the blockage could delay materials for European products. The impact on the US is expected to be less direct.,Suez Canal blockage is delaying an estimated $400 million an hour in goods ,Oil resumed gains as investors weighed the implications of a massive container ship still stuck in the Suez Canal
14,March 26  12:00-18:00,0.081945848,0.470690973,https://live-production.wcms.abc-cdn.net.au/35e1eee2ce10042922c57a56e269a393?src,"{""PERSON"": [""Werner Herzog"", ""Chris Christie"", ""Suzano SA"", ""Amos Harel"", ""jack"", ""Robin Bullock Told"", ""Ford"", ""Elon Musk"", ""DAWG"", ""Al-Jaz"", ""@DougJBalloon"", ""Stepbrother"", ""Narendra"", ""Netanyahu"", ""ba3d"", ""Suez Canal"", ""Project Veritas"", ""Putin"", ""Jen Psaki"", ""Gets Stuck - The"", ""Heli"", ""Gamal Abdel Nasser"", ""Erica Nlewedim Enisa"", ""Doug Ford"", ""Richard Citizen"", ""Bernhard Schulte Shipmanagement"", ""Explainer"", ""Kate Toynbee""], ""NORP"": [""Romanian"", ""@CuyperHans"", ""Brazilian"", ""French"", ""Dutch"", ""Republicans"", ""Egyptian"", ""British"", ""European"", ""Jewish"", ""Pl√©iades"", ""Saudi"", ""Israeli""], ""ORG"": [""@Reuters @MofaJapan_jp Blockage"", ""Bloomberg News"", ""Global Food Trade"", ""@Kadriilham &"", ""FleetMon #"", ""EVERGIVEN"", ""The Yellow Fleet:"", ""RecruiterHumor"", ""@INTLMAV"", ""British &"", ""Cloudy Radar &"", ""THE BLOCKAGE LASTS"", ""Ships"", ""Evergreen Ship"", ""U S BLOCKING South Atlantic"", ""VESSELS"", ""SuezCanal"", ""Sudan"", ""CSLA"", ""FIEO"", ""EASY"", ""FOREVER"", ""LNG"", ""GMV"", ""Simulation of EVER GIVEN Accident"", ""Evergreen Marine"", ""GPL"", ""#"", ""SuezCanel"", ""Shipping Ministry"", ""the Suez Canal Authority"", ""U.S.SUBS BLOCKING ENTRANCE TO"", ""Canal"", ""Moller Maersk"", ""US Navy"", ""Massive Pirate Siege of Waiting Suez Canal"", ""Suez"", ""SeaShanty"", ""Panama Canal YouTube"", ""Amazon"", ""MTV"", ""Evergreen"", ""Suez Canal"", ""INDIANS"", ""WH Press Sec"", ""BYOB - Boat"", ""RIP"", ""Coke"", ""LIQUEFIED NATURAL GAS"", ""ATTEMPT"", ""Airbus"", ""APEDA"", ""@EZaharievaMFA"", ""Gutter Gas Power"", ""Suez Blockade"", ""#AI"", ""The White House"", ""Suez Canal Update"", ""Pleiades"", ""The Suez Canal Authority"", ""Cargo"", ""EU WARSHIPS"", ""USDA"", ""CNN"", ""RT"", ""NEW PHOTO:"", ""CBS News"", ""the Northeast Passage"", ""#EverGiven""], ""LOC"": [""Africa"", ""East"", ""Suez"", ""the Suez Canal's"", ""Middle East Minute"", ""EUROPE"", ""a Suez Canal"", ""the Suez Canal Blocked"", ""Suez Canal"", ""the Suez   "", ""Asia"", ""the Red Sea"", ""the Suez Canal"", ""West coast"", ""Europe"", ""the Gulf of Suez""]}","Shipping rates for oil product tankers have nearly doubled this week as several vessels were diverted away from the Suez Canal

Re-routing ships around the Cape of Good Hope could add 2wks to the voyage

It could also add more than 800t of fuel consumption",I am available to play the boat stuck in the Suez Canal I'll wear green pants or something call me,Netanyahu is the political equivalent of the ship blocking the Suez Canal
15,March 26  18:00-24:00,0.083310975,0.392359031,https://cdn.cnn.com/cnnnext/dam/assets/210326085515-03-suez-canal-anchored-ships-0325-exlarge-169.jpg,"{""PERSON"": [""Lesson"",""Noah"", ""Patrick Star"", ""Hillary Clinton"", ""Elon Musk"", ""Bloated"", ""Capella"", ""Andy"", ""Bulldozer"", ""Biden"", ""Austin"", ""Unstick"", ""Suez Canal"", ""Oprah"", ""Marcus Rashford""], ""NORP"": [""Canadian"", ""French"", ""Asian"", ""Egyptians"", ""African"", ""American"", ""Egyptian"", ""Filipino"", ""North American"", ""Israeli"", ""Saudi"", ""British"", ""Sea-Doo"", ""Europeans""], ""ORG"": [""UK &"", ""EVERGIVEN"", ""HRC"", ""Suez Canal Authority"", ""U S BLOCKING South Atlantic"", ""Charlbury"", ""Godzilla‚Äôs"", ""SuezCanal"", ""the White House"", ""NeverAgain"", ""BRP"", ""#SuezCanal"", ""Gouache"", ""America News"", ""Appropriate"", ""the Suez Canal Authority"", ""U.S.SUBS BLOCKING ENTRANCE TO"", ""ACAB"", ""Toilet Paper"", ""Avoid Future"", ""US Border crisis"", ""Suez"", ""@GChesterman"", ""Suez Canal"", ""Evergreen"", ""Experts"", ""Blue Wave"", ""Lloyd's List"", ""AnimalWelfare"", ""Social History"", ""TikTok"", ""Deliveroo"", ""Taiwan News"", ""Re-Float"", ""Black Widow"", ""QAnon"",  ""Plot Twist"", ""IKEA"", ""Disney/Marvel"", ""Times"", ""Secret Service"", ""Tension"", ""EU WARSHIPS"", ""Cargo"", ""CNN"", ""NFT"", ""The Suez Canal Authority"", ""Economic Security"", ""India Chalks""], ""LOC"": [""Africa"", ""the Mediterranean Sea"", ""Suez"", ""the Suez Canal's"", ""North America"", ""Tweet"", ""Suez Canal"", ""Asia"", ""the Pacific Rim"", ""the Red Sea"", ""Java Sea Hoping"", ""South China Sea"", ""The Suez Canal"", ""the Suez Canal"", ""West coast"", ""Europe""]}","Up to 20,000 cubic meters of sand in the Suez Canal need to be removed to free the gigantic container ship that has been stuck there since Tuesday, according to the canal authorities. ",rip karl marx i just know you would've been on the boat blocking the suez canal,if you're in the line at the Suez Canal STAY IN LINE!!!
16,March 27  00:00-06:00,0.101205306,0.435886877,https://ichef.bbci.co.uk/news/976/cpsprodpb/395A/production/_117728641_f5151d1b-0e22-486f-8753-c30997d7713f.jpg,"{""PERSON"": [""Filibuster"", ""Eskom"", ""Jim Crowe"", ""Noah"", ""US Border"", ""Patrick Star"", ""Left Twitter"", ""Confer"", ""Dreadships"", ""Elon Musk"",  ""Capella"", ""Michael Bay"", ""Charles de Gaulle"", ""Biden"", ""Yukito Higaki"", ""Canal"", ""Karl Marx"", ""Aurora Intel"", ""Salim"", ""Narendra"", ""Yogendra"", ""Biden Presser"", ""Netanyahu"", ""Suez Canal"", ""Jim Eagle"", ""Glad"", ""Queue"", ""Samaj Hyderabad"", ""Magneto"", ""Shoei Kisen"", ""Jen Psaki"", ""Vessels Approaching Suez Canal"", ""Bal Narendra"", ""Wedged"", ""Mark Wahlberg"", ""Retweet"", ""the Suez Canal""], ""NORP"": [""Western"", ""French"", ""Indian"", ""Russian"", ""Egyptian"", ""Somali"", ""Republican"", ""Japanese"", ""Australians"", ""Democrat"", ""British"", ""Indians""], ""ORG"": [""CCP"", ""TimesUp #"", ""WD40"", ""IQAX"", ""EVERGIVEN"", ""Ships"", ""Cloudy Radar &"", ""U S BLOCKING South Atlantic"", ""World Trade Center"", ""Evergreen Ship"", ""SuezCanal"", ""a SHIT CANAL AND VERY"", ""Gulf of Oman &"", ""Florida Boat Copies Suez Canal Cargo Ship"", ""Ninety Percent of Everything"", ""Sat"", ""the Suez Canal Authority"", ""ACAB"", ""U.S.SUBS BLOCKING ENTRANCE TO"", ""Navy"", ""MDA"", ""NATO"", ""Fox News"", ""@AuroraIntel"", ""Amazon"", ""Toilet"", ""Senate"", ""Evergreen"", ""Suez Canal"", ""BlankPolitik"", ""HIMARS Training &"", ""Lloyd's List"", ""the Kobayashi Maru"", ""Darinder Moody"", ""NPR"", ""Airbus"", ""Gutter Gas Power"", ""QAnon"", ""Plot Twist"", ""The White House"", ""Global"", ""EU WARSHIPS"", ""The Suez Canal Authority"", ""CNN"", ""NFT"", ""WTF American"", ""#EverGiven""], ""LOC"": [""Asia"", ""Atlantic"", ""The Suez Canal"", ""the Indian Ocean"", ""the Red Sea"", ""Red Sea"", ""the Suez CANAL"", ""Suez"", ""the Suez Canal's"", ""the Suez Canal - Ever Given"", ""Arabian Sea"", ""Suez Canal"", ""Mediterranean"", ""Africa"", ""the Floating Republic"", ""the Rio Grande River"", ""Strait Transits"", ""the Suez Canal"", ""West coast"", ""Europe""]}","A container ship has been stuck in the Suez Canal since Tuesday, and authorities say they'll remove up to 706,000 cubic feet of sand to free the ship.","In the four days that ship has been stuck in the Suez Canal, it's costing the global economy $38.4 Billion ($400M per hour)",You are NOT too much. You are ENTITLED to take up space. If the Suez Canal doesn't have room for you that is the Suez Canal's problem.
17,March 27  06:00-12:00,0.079212426,0.496336248,https://pbs.twimg.com/media/Exa5P5MXIAQmPSx?format=jpg&name=medium,"{""PERSON"": [""Werner Herzog"", ""Nah"", ""Lesson"", ""Chris Hemsworth=- DSAI"", ""Secret Weapon"", ""Joe Biden"", ""Boaty McStuckface"", ""Scott Morrison"", ""Uri Geller"", ""Sentinel1"", ""Zahrani"", ""Canal"", ""Kpler"", ""JeffHK"", ""Suez Canal"", ""Keithy McKeithface"", ""Marcus Rashford"", ""Samaj Hyderabad"", ""Ever Given"", ""Gamal Abdel Nasser"", ""Wedged"", ""Jane McDonald"", ""Frac Spread Count -"", ""@AliVelshi"", ""Satyagraha""], ""NORP"": [""African"", ""Pakistani"", ""Egyptian"", ""Japanese"", ""@LloydsList"", ""Arabs"", ""BRITISH"", ""British"", ""Pacific Asian"", ""Indians""], ""ORG"": [""Suez Canal Blockage Could"", ""Marine Life"", ""RIP Anthony Eden"", ""Times of India"", ""EVERGIVEN"", ""Britons"", ""EVERGREEN"", ""@MSNBC"", ""RedSea"", ""U S BLOCKING South Atlantic"", ""SuezCanal"", ""ACS"", ""Suez Canal EVERGREEN"", ""Boeing"", ""Lloyd's"", ""Allianz"", ""Global Trade Gets Rerouted With Suez Canal"", ""World Trade"", ""Silk Board Junction"", ""@Coretrayn"", ""Suez Canal &"", ""Shipping Route 2"", ""Salvager"", ""U.S.SUBS BLOCKING ENTRANCE TO"", ""ACAB"", ""Canal"", ""the Suez Canal Company"", ""Chadwell Canal"", ""Latest"", ""Texas @PrimaryVision"", ""Suez"", ""Latest Suez"", ""Suez Canal"", ""Evergreen"", ""PVN"", ""Cat Vibing To Ievan Polkka"", ""Govt"", ""the Kobayashi Maru"", ""BigData"", ""the #Suez Canal"", ""TikTok"", ""Deliveroo"", ""Tension"", ""NCAA"", ""EU WARSHIPS"", ""Cargo"", ""the Suez Canal &"", ""#EverGiven""], ""LOC"": [""#Suez   Stop"", ""the Persian Gulf"", ""Asia"", ""The Suez Canal"", ""South"", ""the Red Sea"", ""Red Sea"", ""the Suez CANAL"", ""Suez"", ""the Suez Canal's"", ""Northern Europe"", ""Cape Town"", ""Suez Canal"", ""Earth"", ""Mediterranean"", ""Africa"", ""Suez Canal Game"", ""the Suez Canal"", ""West coast"", ""Europe""]}","Suez Canal blocked, tankers stuck in queues, oil prices rising, shows us the vulnerability of a global economy reliant on shipping fossil fuels around the globe. 

Solar, wind, & wave power means no cartels, no shipping, falling prices, a healthy economy & a healthy climate.","150 years after its inauguration, the strategic importance of the Suez Canal endures, mainly because of oil trade & Pacific Asian commercial trade. 

The journey from the Persian Gulf to Northern Europe around Africa takes 24 days. With the Suez canal is reduced to 14 days.","The disruption caused by the backlog in the Suez Canal comes as global supply chains are already strained by Covid-19 with shortages of equipment, of space, and key components."
18,March 27  12:00-18:00,0.09524434,0.441120628,https://media.babylonbee.com/articles/article-8279-1.jpg,"{""PERSON"": [""Liberia"", ""Al-Sisi"", ""McConnell"", ""Marwa"", ""Ross"", ""Rose George"", ""Burundi"", ""Biden"", ""Mom"", ""Crypto Messi"", ""Op-Ed"", ""Tucker"", ""Canal"", ""JFK Jr"", ""Truck"", ""Boat Stuck"", ""Hillary Clintons"", ""Salim"", ""Saddam Hussein"", ""good morning"", ""Suez Canal"", ""Chris Graying"", ""Sentinel5p"", ""HILLARY CLINTON"", ""CricTracker"", ""Ever Given"", ""Barry Chuckle"", ""Bar Lev"", ""Bernhard Schulte Shipmanagement"", ""Ever Given's"", ""Mario Kart"", ""Fredericton"", ""Adventuremice"", ""DeBarge""], ""NORP"": [""Dutch"", ""French"", ""Egyptians"", ""Egyptian"", ""Canadians"", ""Japanese"", ""Suez Canal"", ""@LloydsList"", ""European"", ""Israeli"", ""British"", ""Indians""], ""ORG"": [""Stunning New Photos"", ""EVERGIVEN"", ""Suez Canal Authority"", ""HFO"", ""EVERGREEN"", ""Ships"", ""Giant Container"", ""Shit"", ""SuezCanal"", ""BULLET"", ""MiddleEast"", ""Suez Canal EVERGREEN"", ""Diana &"", ""Rescuers"", ""Freight"", ""Sinai"", ""Evergreen Tweet"", ""Legal Topic"", ""Lesotho"", ""Seychelles"", ""Suez Canal Authorities"", ""Salvager"", ""the Suez Canal Authority"", ""ACAB"", ""Canal"", ""Chadwell Canal"", ""@Foone"", ""Suez"", ""Bellerin/Northern Nigeria"", ""Suez Canal"", ""Evergreen"", ""SCA"", ""Sierra Leone"", ""Lloyd's List"", ""Govt"", ""SEA"", ""Blockage Cleared"", ""Egypt &"", ""Crowley"", ""EVER"", ""Turkish Satellite"", ""SuezCanal &"", ""RPF"", ""Cargo"", ""#EverGiven""], ""LOC"": [""Asia"", ""Atlantic"", ""the Middle East"", ""the Indian Ocean"", ""Suez Canal"", ""blokingthe Suez Canal"", ""the Red Sea"", ""Suez Canal "", ""Suez"", ""the Suez Canal's"", ""Suez Canal"", ""Mediterranean"", ""Kashmir"", ""Africa"", ""the Sinai Peninsula"", ""the Suez Canal"", ""Gambia"", ""Northern Sea Route"", ""the Suez Canal"", ""the Suez Canal - Ever Given"", ""Europe""]}","There is a risk of starvation, dehydration, injuries, waste build up so they can't lie down nor can the crew get rid of dead animal bodies in the canal.
It's basically a ticking biohazard timebomb for animals‚
A #welfare nightmare
#EndLiveExports
@ciwf","The ship blocking the Suez Canal
to be renamed The McConnell.","Blockage Cleared, Ships Moving At Record Speed As Chick-Fil-A Workers Put In Charge Of Suez Canal"
19,March 27  18:00-24:00,0.152966002,0.473122815,https://pbs.twimg.com/media/ExgHu_ZWYAgyFoD?format=jpg&name=small,"{""PERSON"": [""Anthony Eden"", ""McConnell"", ""Mitch McConnell"", ""Matt Damon"", ""Sticky Joe Biden"", ""Important Stuff"", ""Peter Stevenson"", ""Wilder"", ""Biden"", ""Svyataya Anna"", ""Canal"", ""Dunce"", ""Moab"", ""Suez Canal"", ""Livestock"", ""Kashgar"", ""Keithy McKeithface"", ""Limbaugh"", ""Satanic"", ""Trump"", ""Ted Cruz"", ""Uri Gellar"", ""Mahmoud Khaled"", ""Jason Derulo"", ""100s"", ""Retweet"", ""Georgy Brusilov"", ""Floaty McFloatface""], ""NORP"": [""Chinese"", ""Dutch"", ""republicans"", ""African"", ""Japanese"", ""Jewish"", ""Pl√©iades"", ""British"", ""Moabites""], ""ORG"": [""Newsmax"", ""EVERGREEN"", ""Suez Canal Authority"", ""EVERGIVEN"", ""MSC"", ""Tantallon"", ""SuezCanal"", ""Ship Blocking Suez Canal Moves Slightly"", ""The Turkish Navy SF"", ""TIL"", ""Global Supply Chains"", ""PSA"", ""Salvager"", ""ACAB"", ""Picturing Foucault's"", ""U.S Navy Offers"", ""Genesis"", ""the Eiffel Tower"", ""DigitalGlobe"", ""Suez Canal"", ""Evergreen"", ""the New Suez Canal"", ""Maersk &"", ""BBC"", ""Trump"", ""Blockage Cleared"", ""CV"", ""the #Suez Canal"", ""Giant Sexy Animals"", ""HMS Newport"", ""Wreaking Havoc"", ""Airbus"", ""JSIL"", ""EVER"", ""QAnon"", ""Breaking News"", ""SAT"", ""Cargo"", ""EU"", ""Maritime Casualty"", ""GOP""], ""LOC"": [""Asia"", ""Atlantic"", ""The Suez Canal"", ""Mideast"", ""the Indian Ocean"", ""the Suez   "", ""Rift Valley"", ""the Red Sea"", ""Northern Sea"", ""the Northern Sea Route"", ""Suez"", ""the Eiffel Tower"", ""the Suez Canal's"", ""Suez Canal"", ""Earth"", ""Mediterranean"", ""the Gulf of Suez"", ""Africa"", ""the Christian Old Testament"", ""Cape"", ""the Suez Canal"", ""Europe""]}",At least 321 vessels are now jammed around #SuezCanal while authority cannot tell when salvage of stuck giant ship will succeed. ,NEW - Armada of tugboats is now trying to move the huge container ship that is still stuck in the Suez Canal.,"The Suez Canal is still jammed by a container ship. But this is not the first time the canal has made headlines.

In 1956, a crisis over the canal led to a debacle that toppled a British prime minister and a shift in global power."
20,March 28  00:00-06:00,0.180968135,0.462450485,https://pbs.twimg.com/media/ExcK6IRXEAAd7gj?format=jpg&name=small,"{""PERSON"": [""Brexit"", ""Strong Winds"", ""McConnell"", ""Derrick Henry"", ""Mitch McConnell"", ""Barry"", ""Idk"", ""Hydroxychloroquine"", ""Hrc"", ""Karl Marx"", ""Truck"", ""Rudy Giuliani"", ""Jacinda Ardern"", ""Chuck Norris"", ""Marx"", ""Suez Canal"", ""Osama Rabie"", ""Satanic"", ""@Marzofaraz"", ""Nasser"", ""100s"", ""@samirsinh189 @LeoUmanah"", ""Retweet""], ""NORP"": [""Chinese"", ""Canadian"", ""French"", ""Indian"", ""Dutch"", ""American"", ""Egyptian"", ""Japanese"", ""@LloydsList"", ""Conservatives"", ""Ngannou"", ""Stoic"", ""European"", ""British""], ""ORG"": [""Suez Canal Blockage Could"", ""@Nicochan33"", ""EVERGIVEN"", ""EVERGREEN"", ""Suez Canal Authority"", ""Ships"", ""StuckShip"", ""SriLanka"", ""Suez Canal Authority Hopes High Tide"", ""Suez Canal Blockage"", ""SuezCanal"", ""INSTC"", ""the US Navy"", ""UPDATE - Latest"", ""PSA"", ""Salvager"", ""#Liverpool"", ""the Suez Canal Authority"", ""the Maxar World View-2 Satellite"", ""SNL"", ""US Navy"", ""Latest"", ""U.S. Navy Sending Team"", ""Harvey's"", ""QED"", ""Suez Canal"", ""Evergreen"", ""Time"", ""Lloyd's List"", ""U-Turn"", ""BRI"", ""CV"", ""KamalaToe Harris"", ""WW"", ""SuezCrisis"", ""JSIL"", ""Breaking News"", ""QAnon"", ""El Sisi"", ""TPLF"", ""@AnglicisedArab @Cyberia"", ""UNLOADED"", ""ChabaharPort"", ""Vessels"", ""Maritime Casualty"", ""EU"", ""the Suez Canal &""], ""LOC"": [""Suez"", ""the Gulf of Oman"", ""the Suez Canal's"", ""Arctic"", ""the Suez Can'tal"", ""the Gulf of Suez"", ""the Northern Sea"", ""the Arabian Sea"", ""Suez Canal"", ""the Suez"", ""Mediterranean"", ""Earth"", ""Kashmir"", ""the Red Sea"", ""Red Sea"", ""the Suez Canal"", ""the Mediterranean Sea"", ""Beacon""]}","There's definitely a guy at the Suez Canal who started pitching ""blow up the boat"" like an hour in, and he's gotta be starting to win people over by now","Breaking News:

The cargo ship stuck in the Suez Canal is blocking so much important and useful stuff that they have decided to rename it 
""Mitch McConnell""","Given that this Suez canal boat situation has gone on for several days, I'm not sure how any engineering manager is ever again gonna convince the on-call dev that it can't wait until morning"
21,March 28  06:00-12:00,0.092975419,0.47882215,https://i.insider.com/605fa68c8e71b3001851929b?width=2000&format=jpeg&auto=webp,"{""PERSON"": [""@7tine76"", ""Desert Wind Blew Global Trade Off Course - Bloomberg"", ""McConnell"", ""Mitch McConnell"", ""Carlo Magno"", ""Harambe"", ""Rick"", ""Capella"", ""Remy Tumin"", ""@PawpadsGaming @Wolfen_Eson"", ""Udaya Gammanpila"", ""Biden"", ""Sisi"", ""Nevermind Reeling"", ""Stuck"", ""@KudSverchkov"", ""Doug Ford's"", ""Prayut Chan-o"", ""Mississauga"", ""Suez Canal"", ""@SuezDiggerGuy Yay"", ""Jason Kenney"", ""Coir"", ""HILLARY CLINTON"", ""Trump"", ""Tony"", ""Suez Canal Issue SOLVED"", ""Jeremiah M. Bogert"", ""Jane McDonald"", ""Jr"", ""Abdel Fattah al-Sisi""], ""NORP"": [""Chinese"", ""Pl√©iades"", ""Dutch"", ""Italian"", ""Russian"", ""Egyptian"", ""American"", ""@SPCRIST1"", ""Republicans"", ""@LloydsList"", ""Stoic"", ""Arab"", ""European""], ""ORG"": [""RIP Gandalf"", ""ChinaJoe"", ""Suez Canal Authority"", ""Canal de Suez"", ""EVERGIVEN"", ""@tomhanks"", ""MarineTraffic"", ""SuezCanal"", ""VesselFinder"", ""RTE"", ""DC Islamabad"", ""UPDATE - Latest"", ""Reuters"", ""PSA"", ""the Suez Canal Authority"", ""SC"", ""Suez Canal Live Updates"", ""Spotify"", ""Global Trade"", ""AP"", ""NYT"", ""China &"", ""PARKOUR"", ""Suez Canal"", ""Evergreen"", ""SCA"", ""Lloyd's List"", ""BBC"", ""Blockage Cleared"", ""CV"", ""Suez Canal ‚ÄòTraffic Jam‚Äô"", ""AmericaFirst"", ""Airbus"", ""JSIL"", ""Breaking News"", ""@NYFEX"", ""The Suez Canal Authority"", ""EU"", ""Alp Guard"", ""Parker""], ""LOC"": [""the Suez Canal's"", ""Suez"", ""@CopernicusEU East coast"", ""Suez Canal"", ""the Suez"", ""the Suez Canal"", ""THE RED SEA BEFORE GETTING STUCK"", ""Cape"", ""the Suez Canal""]}","The Ever Given's rudder has been freed from the sediment, but the ship's still stuck in the Suez Canal #SmartNews","everyone asks ""why"" is the boat stuck in the Suez Canal, but no-one asks ""who"" is the boat",JUST IN: Egypt's president has ordered preparations be made to unload the cargo of the ship stuck in the Suez Canal if refloating it fails
22,March 28  12:00-18:00,0.157630101,0.485414144,https://static.dw.com/image/57021576_303.jpg,"{""PERSON"": [""jack"", ""Lo"", ""McConnell"", ""Mitch McConnell"", ""Birx"", ""Lo-lee-ta"", ""Jim Jordan"", ""Lee"", ""Biden"", ""Mashhour Dredge"", ""Abdel Fattah Al-Sisi"", ""Oscar"", ""Karl Marx"", ""Truck"", ""Steve Bannon"", ""Sissi"", ""Sudarsan Raghavan"", ""Suez Canal"", ""Chris Cillizza"", ""Nippy"", ""Jennifer"", ""Yo"", ""Trump"", ""Offer"", ""Jen Psaki"", ""Jason Derulo"", ""Boromir"", ""Cheniere"", ""@JohnDombroski8"", ""Floyd"", ""Lindsey Graham"", ""@AlsisiOfficial"", ""Derrick Henry"", ""@AliVelshi"", ""El-Sisi""], ""NORP"": [""Chinese"", ""Egyptians"", ""Tankers"", ""Russian"", ""Egyptian"", ""Jewish"", ""Jalali"", ""Americans"", ""Muslims""], ""ORG"": [""My New Anxiety Dream Where I'm Blocking the Suez Canal - McSweeney's"", ""SkySat"", ""the Lloyd's List"", ""Shell/BG"", ""EVERGIVEN"", ""@tomhanks"", ""SAS"", ""Evergreen Ship"", ""U S BLOCKING South Atlantic"", ""SuezCanal"", ""@Marmel"", ""Gouache"", ""Honey"", ""INSTC"", ""Challenger 3 Tanks"", ""@RNDYGFFE"", ""Urine Geller"", ""ToiletPaper"",""Evergreen Marine"", ""Canal Live Updates"", ""the Suez Canal Authority"", ""U.S.SUBS BLOCKING ENTRANCE TO"", ""NuezCanal"", ""SNL"", ""Suez"", ""PARKOUR"", ""Suez Canal"", ""Evergreen"", ""Iranian Embassy"", ""Microsoft"", ""ANWAR"", ""@CNBC"", ""Suez Canal - The Wall Street Journal"", ""Ninety Percent"", ""EconomicRecovery"", ""BBC"", ""Reroute"", ""Chinese Motorway days"", ""SuezCrisis"", ""Breaking News"", ""QAnon"", ""Pentagon"", ""The Suez Canal Authority's"", ""SHIPS"", ""EU WARSHIPS"", ""Cargo"", ""Grape Nuts"", ""FRIEND""], ""LOC"": [""Suez"", ""the Suez Canal's"", ""West coast"", ""the Suez Canal"", ""Suez Canal- Former"", ""Suez Canal"", ""the Nuez Canal"", ""The Suez Canal"", ""the Suez Canal"", ""the Suez Canal - Ever Given"", ""Europe""]}","I ordered a couch last week at a really good price. It's being shipped, and I'm terrified it's on the barge in the Suez Canal.","If you are in line at the Suez Canal, STAY IN LINE!! They legally have to count your boat.","Egypt's Suez Canal chief says ""technical or human errors"" may be to blame for the grounding of a giant container ship in the crucial waterway."
23,March 28  18:00-24:00,0.130949545,0.47280319,https://imageresizer.static9.net.au/hwdOeCHL6CcLJSgjSH5N3MlVOgM=/0x470:6449x4098/1600x0/https%3A%2F%2Fprod.static9.net.au%2Ffs%2Fbae800ba-f1a9-4a5f-9d9c-643e7ccdc7f9,"{""PERSON"": [""Iwaizumi Hajime"", ""Big Booty Boat"", ""McConnell"", ""Mitch McConnell"", ""Peter Berdowski"", ""Desert Wind Blew"", ""Birx"", ""Jim Jordan"", ""Oscar"", ""Butterfly"", ""Mashhour"", ""Normalize"", ""Steve Bannon"", ""Marx"", ""Julian Felipe Reef"", ""Rita Ora"", ""Marie Kondo"", ""Nina"", ""Suez Canal"", ""Jack"", ""Rose"", ""Osama Rabie"", ""Trump"", ""Miku"", ""Johnny Knoxville"", ""Dex"", ""Lindsey Graham"", ""Jane McDonald"", ""@Tinashe""], ""NORP"": [""Chinese"", ""South American"", ""Russian"", ""Egyptian"", ""Republican"", ""Southern"", ""Saudi""], ""ORG"": [""Whitsun Reef"", ""Suez Canal Authority"", ""EVERGIVEN"", ""Aladdin"", ""@MSNBC"", ""Ships"", ""SuezCanal"", ""M4 Newport"", ""NEW"", ""Penis Captivus"", ""The New York Times"", ""General Organization For Veterinary Services"", ""Daily News Egypt"", ""the Cinnamon Toast Crunch"", ""Suez Canal's"", ""LNG"", ""the Defense Department"", ""Vocaloid"", ""Punta Cana"", ""LPG"", ""YT Link &"", ""LONGER"",  ""SaudiArabia"", ""Suez"", ""Suez Canal"", ""Microsoft"", ""Evergreen"", ""Senate"", ""ANWAR"", ""I.e"", ""Daffy"", ""Twice"", ""KamalaToe Harris"", ""BSM"", ""Breaking News"", ""XXV"", ""IKEA"", ""the Nebraska State Fair"", ""The Suez Canal Authority"", ""Cargo"", ""CNN"", ""Pentagon""], ""LOC"": [""the South China Sea"", ""Suez"", ""Suez Canal"", ""North Star"", ""middle East"", ""Suez Canal- Former"", ""Suez Canal"", ""New England"", ""Microsoft Flight"", ""Engels"", ""the Suez Canal"", ""Beacon""]}",ships will literally block the suez canal instead of going to therapy,"Pentagon officials told @thehill that the ongoing stoppage of traffic caused by a grounded container ship in the Suez Canal would affect the movement of US military vessels, but stressed that the Defense Department had alternative means of supporting operations in the area. ","Do you ever feel 
like a giant boat 
stuck in the suez canal 
wanting to start again"
24,March 29  00:00-06:00,0.103429202,0.49824331,https://pbs.twimg.com/media/ExjrWwuXMAIbOX8?format=jpg&name=large,"{""PERSON"": [""McConnell"", ""Mitch McConnell"", ""Peter Berdowski"", ""Scott Morrison"", ""Tinashe"", ""Birx"", ""Sentinel1"", ""Vesselfinder"", ""Mohab Mamish"", ""Jim Jordan"", ""Stuck"", ""Ian"", ""Oscar"", ""Steve Bannon"", ""Inch Cape"", ""Suez Canal"", ""Glad"", ""Stanley Yelnats"", ""Leslie Knope"", ""Trump"", ""Brb"", ""Ever Given"", ""Hulk"", ""Aquaman"", ""400m"", ""Lindsey Graham"", ""Sergey Kud-Sverchkov"", ""Stranded Cargo"", ""Bill Walton""], ""NORP"": [""Gibraltar"", ""Canadian"", ""Dutch"", ""Democrats"", ""Russian"", ""Egyptian"", ""Saudi"", ""Conservatives""], ""ORG"": [""FINALLY"", ""Pac-12"", ""EVERGIVEN"", ""Ships"", ""Hamdullah"", ""the Levees Break (2006"", ""Suez Canal Blockage"", ""@CNET"", ""@Amradib"", ""Ford"", ""SuezCanal"", ""VesselFinder"", ""Inch Cape Shipping Services"", ""XRP"", ""LNG"", ""Reuters"", ""UNSTUCK &"", ""Al Jazeera"", ""LPG"", ""GMT"", ""the #Suez Canal"", ""the Suez Canal Authority"", ""Canal"", ""@nameshiv"", ""GAC"", ""Giant"", ""HBO"", ""Godzilla"", ""Suez"", ""PUT"", ""DIshwashers"", ""Lil Nas X"", ""Suez Canal"", ""Microsoft"", ""Evergreen"", ""TrafficJam"", ""BYOB - Boat"", ""Thant's"", ""Al Kharid's"", ""AnimalWelfare"", ""REUTERS"", ""THE EVER GREEN SHIP"", ""Latest AIS"", ""ClimaCell"", ""Trafic"", ""the Nebraska State Fair"", ""The Suez Canal Authority"", ""Cargo"", ""the Egyptian Suez Canal Authority""], ""LOC"": [""Africa"", ""Suez"", ""Suez Canal- Former"", ""the Suez Gulf"", ""Suez Canal"", ""Mediterranean"", ""New England"", ""the Suez Canal's"", ""Asia"", ""Microsoft Flight"", ""the Red Sea"", ""the Central Lake"", ""the Suez Canal - The Washington Post"", ""Red Sea"", ""Suez @GoogleNews"", ""The Suez Canal"", ""the Suez Canal"", ""Europe""]}","If the Ever Given ship hasn't been refloated by Monday night then containers will start getting offloaded within a maximum of 72 hours: Mohab Mamish, the president's canal adviser, told @Amradib

#SuezCanal #SuezBLOCKED ","Villagers on the banks of the Suez Canal are getting used to their unusual new neighbor. It's 400 meters long, carries about $1 billion and nobody knows when it""ll leave",send Leslie Knope to the Suez Canal 
25,March 29  06:00-12:00,0.140962082,0.519547909,https://pbs.twimg.com/media/ExoOvZBXAAEha5E?format=jpg&name=900x900,"{""PERSON"": [""@bouta_nt"", ""Container Ship's"", ""Evan Peters"", ""Ill"", ""Dhruv Rathee"", ""McConnell"", ""Mitch McConnell"", ""Peter Berdowski"", ""Boris Johnson"", ""Ferry"", ""Jensen Ackles"", ""Rita Ora"", ""Ryan Murphy"", ""Suez Canal"", ""Beechcroft"", ""Glad"", ""Osama Rabie"", ""BreakingNews"", ""Ever Given"", ""Gorilla Glue"", ""Ambedkar"", ""Evergreen"", ""AnimalAg"", ""Mehbooba Mufti"", ""@GoogleNews"", ""Sergey Kud-Sverchkov"", ""Alert"", ""Diane Abbot""], ""NORP"": [""Chinese"", ""Taiwanese"", ""Indian"", ""Dutch"", ""Russian"", ""Egyptian"", ""Panamanian"", ""Indonesian"", ""Movie"", ""@LexBlog""], ""ORG"": [""LiveExport"", ""Videos"", ""RESUME"", ""MASHHOUR"", ""DHRadio"", ""Suez Canal Authority"", ""EVERGIVEN"", ""Port Authority"", ""Canal de Suez"", ""Evergiven"", ""Quick"", ""Aladdin"", ""Ships"", ""SHIELD"", ""Hamdullah"", ""SAS"", ""SuezCanal"", ""VesselFinder"", ""M4 Newport"", ""the Indian Economy"", ""Challenger 3 Tanks"", ""OECD"", ""NEW Forget"", ""Suez Canal Drift"", ""Pisces Mercury"", ""UNSTUCK &"", ""SUEZ CANAL OPERATIONS IS"", ""Suez Canal &"", ""SuezCanel"", ""the Suez Canal Authority"", ""Maersk"", ""Container"", ""Guardian"", ""Ernest Bevin College"", ""Suez"", ""Stealers Wheel"", ""Crews"", ""the Suez Canal Authority"", ""Suez Canal"", ""Evergreen"", ""Archegos Capital"", ""Bond"", ""Open Source Intelligence (OSINT): Tracking the Ever Given Cargo Ship"", ""SCA"", ""TrafficJam"", ""Lloyd's List"", ""SupplyChains"", ""Fault For Blocking the Suez Canal"", ""FREED"", ""REUTERS"", ""CV"", ""Evergreen Marine Corporation's Ever Given"", ""EG"", ""Modi Government"", ""International Travel"", ""The Freedom House"", ""Gemini"", ""ATH"", ""SuezCrisis"", ""Latest AIS"", ""Breaking News"", ""#ExpressExplained"", ""US Futures"", ""Suez Update"", ""The Suez Canal Authority"", ""Cargo"", ""The Sunday Times: the Ever Given"", ""Eygpt"", ""RT"", ""the Suez Canal &""], ""LOC"": [""Suez"", ""Suez Canal"", ""Mars"", ""Suez Canal"", ""Earth"", ""the Suez"", ""Mediterranean"", ""Red Seas"", ""Asia"", ""Microsoft Flight"", ""Cardiff"", ""Hudson"", ""The Suez Canal"", ""the Suez Canal"", ""Europe""]}",Egypt: The Suez Canal is reportedly unblocked. At least that's what the media say! The information raises hopes that traffic on the channel may be resumed in the near future. ,I want you to park that big Evergreen right in this Suez canal,Oil prices dip after ship stuck in Suez Canal is partially freed
26,March 29  12:00-18:00,0.132134698,0.523182595,https://pbs.twimg.com/media/ExndI33UUAAL5OV?format=jpg&name=900x900,"{""PERSON"": [""ICYMI"", ""Jamie Lee Curtis"", ""Dhruv Rathee"", ""Liza Minnelli"", ""McConnell"", ""Mitch McConnell"", ""Katie"", ""Peter Berdowski"", ""Sputnik"", ""Richard Ayoade"", ""Boris Johnson"", ""Antifa"", ""Sarah"", ""Marcelo Bielsa"", ""Fauci"", ""Derek Chauvin,#GeorgeFloyd"", ""Liberan Canal de Suez"", ""Bol Bol"", ""Jack Wittels"", ""Lazio"", ""Rupert Friend"", ""Mashhour"", ""Shoei Kisen Kaisha"", ""Hue Jackson"", ""Joyner Lucas"", ""Taika Waititi"", ""Joe Manchin"", ""Suez Canal"", ""Derek Chauvin"", ""Glad"", ""Baraka I."", ""Joy"", ""Trump"", ""George Floyd"", ""Bonnie Piesse"", ""Man Falls"", ""Ever Given"", ""Jerry Nadler"", ""Randy Orton"", ""Mac Jones"", ""Padma Vibhishan"", ""Fitch"", ""Coach Taylor"", ""Trudeau"", ""Diane Abbot"", ""Ann Koh"", ""Paul Wall""], ""NORP"": [""Dutch"", ""Indian"", ""Boskalis"", ""American"", ""Egyptian"", ""Today Egyptians"", ""Herculean""], ""ORG"": [""Suez Canal"", ""Singhu"", ""EVERGIVEN"", ""YouTube"", ""Suez Canal Authority"", ""@MSNBC"", ""SHIELD"", ""Ships"", ""Dhruv"", ""Suez Canal #"", ""Kenya Coast Guard"", ""MarineTraffic"", ""SuezCanal"", ""Pepsi"", ""NPO Radio"", ""XL"", ""#Evergreen Congratulations"", ""The Egyptian Team of the Tug"", ""Evergreen Marine‚Äôs"", ""GOP"", ""Allianz"", ""Liverpool Cathedral"",  ""Reuters"", ""UNSTUCK &"", ""AI"", ""the Suez Canal Authority"", ""Giant"", ""BreakingNews"", ""the Bitter Lakes"", ""THE BIG CHIPPER"", ""Visa"", ""Suez Canal"", ""Evergreen"", ""SCA"", ""#URGENT |"", ""REUTERS"", ""FREED"", ""GoI"", ""Romania &"", ""the Kenya Navy"", ""International Travel"", ""TRUE"", ""Mafia"", ""The Suez Canal Authority"", ""Cargo"", ""Birx,HIPAA,Satanic Panic"", ""RT"", ""@UNCTAD's""], ""LOC"": [""Suez Canals"", ""the Suez   Suez Canal"", ""Suez"", ""the Suez Canal's"", ""Americas"", ""Suez Canal"", ""Mediterranean"", ""the Suez   "", ""Red Sea"", ""the Suez Canal"", ""the West Philippine Sea"", ""#Suez""]}","The Suez Canal took the lives of 120,000 people that were forced to build it in colonized Egypt (1858). Our ancestors stopped that ship. ",Greetings and appreciation to the Egyptian administration and the Suez Canal Authority for this work,Dr. Fauci says he has now freed the ship stuck in the Suez Canal and traffic has resumed.
27,March 29  18:00-24:00,0.077825921,0.480731716,https://images.wsj.net/im-317718?width=1260&size=1.5,"{""PERSON"": [""Jamie Lee Curtis"", ""Evan Peters"", ""Abdel Hamid"", ""Kurz"", ""Brexit"", ""YM WISH"", ""Dhruv Rathee"", ""McConnell"", ""Mitch McConnell"", ""Joe Biden"", ""Tinubu"", ""Carlo Magno"", ""Nintendo"", ""Flight Simulator"", ""Tugboat"", ""H. H. Holmes' Murder Castle"", ""Fauci"", ""Golo Kante"", ""Pls RT"", ""Churchill"", ""Mashhour"", ""Bar Mitzvah"", ""George Floyd"", ""Truck"", ""Rita Ora"", ""Ryan Murphy"", ""Mega McIlroy"", ""Suez Canal"", ""Izzat Adel"", ""Glad"", ""Gainer"", ""Osama Rabie"", ""Joy"", ""Trump"", ""Mostafa Mahmoud Port"", ""Donald Trump"", ""Paul Wall""], ""NORP"": [""Boskalis"", ""Indian"", ""Egyptians"", ""American"", ""Egyptian"", ""Austrian"", ""British"", ""English"", ""Indians"", ""Tugboats""], ""ORG"": [""Ever Green"", ""US Mail"", ""Suez Canal Authority"", ""EVERGIVEN"", ""Evergiven"", ""#Suez Canal Authority"", ""Fair"", ""The Egyptian Team of the Tug"", ""UniversityChallenge"", ""LNG"", ""Reuters"", ""Femi Adesina"", ""LPG"", ""Maersk"", ""Guardian"", ""Container House"", ""BreakingNews"", ""Suez"", ""the Bitter Lakes"", ""Wikipedia"", ""Visa"", ""Suez Canal"", ""Evergreen"", ""Microsoft"", ""Senate"", ""The #Evergiven"", ""SCA"", ""the #Suez Canal"", ""Google Search"", ""International Travel"", ""Breaking News"", ""deTermination"", ""Daily Mail"", ""Ever Globe"", ""The Suez Canal Authority"", ""Cargo"", ""Kano Iniesta"", ""GOP""], ""LOC"": [""Suez"", ""the Suez Canal"", ""Suez Canal"", ""Earth"", ""the Suez"", ""Microsoft Flight"", ""the Red Sea"", ""the Suez Canal""]}",First the covid crisis then the suez canal crisis and now aguero is leaving mancity. Crises are getting worse as time passes by.,"A big boat stuck in the Suez Canal, catastrophically disrupting global logistics - it wasn't just predictable, it was inevitable. For decades, the shipping industry has consolidated into just a few companies, and ships got bigger - too big to sail.",No more Suez canal jokes. That ship has sailed. You missed the boat.
,,,,,,,,